施設名,緯度,経度
名古屋市立今池中学校,35.165725,136.932585
名古屋市立城山中学校,35.161932,136.959183
名古屋市立千種台中学校,35.177193,136.969667
名古屋市立振甫中学校,35.180548,136.942952
名古屋市立若水中学校,35.174443,136.946385
名古屋市立千種中学校,35.188845,136.966875
名古屋市立東星中学校,35.163034,136.979078
名古屋市立あずま中学校,35.180267,136.927062
名古屋市立冨士中学校,35.173204,136.912747
名古屋市立桜丘中学校,35.18774,136.932322
名古屋市立矢田中学校,35.188059,136.950724
名古屋市立若葉中学校,35.194971,136.926795
名古屋市立志賀中学校,35.20568,136.905336
名古屋市立北陵中学校,35.200514,136.913361
名古屋市立大曽根中学校,35.205567,136.937508
名古屋市立八王子中学校,35.193996,136.909816
名古屋市立楠中学校,35.228911,136.921706
名古屋市立北中学校,35.220182,136.92347
名古屋市立浄心中学校,35.19582,136.888238
名古屋市立菊井中学校,35.182191,136.889104
名古屋市立名塚中学校,35.204572,136.884043
名古屋市立天神山中学校,35.190579,136.885271
名古屋市立山田中学校,35.222889,136.879462
名古屋市立山田東中学校,35.223211,136.890755
名古屋市立平田中学校,35.220445,136.868535
名古屋市立豊国中学校,35.159223,136.868352
名古屋市立笹島中学校,35.170565,136.88905
名古屋市立笈瀬中学校,35.180172,136.87167
名古屋市立御田中学校,35.156585,136.850875
名古屋市立豊正中学校,35.164009,136.846986
名古屋市立黄金中学校,35.163098,136.870342
名古屋市立日比津中学校,35.182621,136.864395
名古屋市立前津中学校,35.159531,136.908662
名古屋市立丸の内中学校,35.17975,136.895285
名古屋市立伊勢山中学校,35.147573,136.895611
名古屋市立白山中学校,35.167432,136.918036
名古屋市立桜山中学校,35.143269,136.929694
名古屋市立北山中学校,35.152762,136.921044
名古屋市立川名中学校,35.149063,136.958291
名古屋市立円上中学校,35.141313,136.92217
名古屋市立駒方中学校,35.145738,136.949761
名古屋市立川名中学校分校,35.155073,136.945836
名古屋市立田光中学校,35.115522,136.918674
名古屋市立瑞穂ケ丘中学校,35.133361,136.928299
名古屋市立萩山中学校,35.119766,136.94564
名古屋市立汐路中学校,35.134075,136.940848
名古屋市立津賀田中学校,35.124979,136.930656
名古屋市立沢上中学校,35.136744,136.901641
名古屋市立宮中学校,35.126256,136.903333
名古屋市立日比野中学校,35.129136,136.894009
名古屋市立日比野中学校分校,35.12685,136.894506
名古屋市立一色中学校,35.128979,136.831261
名古屋市立長良中学校,35.133966,136.866453
名古屋市立山王中学校,35.149997,136.890697
名古屋市立一柳中学校,35.134579,136.848787
名古屋市立八幡中学校,35.137202,136.880792
名古屋市立昭和橋中学校,35.126778,136.883185
名古屋市立富田中学校,35.14291,136.816734
名古屋市立はとり中学校,35.147857,136.814504
名古屋市立助光中学校,35.133532,136.828381
名古屋市立供米田中学校,35.136356,136.813243
名古屋市立高杉中学校,35.126069,136.843413
名古屋市立港南中学校,35.089504,136.862091
名古屋市立港北中学校,35.109673,136.85877
名古屋市立東港中学校,35.106563,136.886521
名古屋市立南陽中学校,35.112328,136.815469
名古屋市立宝神中学校,35.094306,136.853266
名古屋市立当知中学校,35.111632,136.849177
名古屋市立港明中学校,35.110744,136.892009
名古屋市立南陽東中学校,35.109589,136.825937
名古屋市立本城中学校,35.094422,136.933003
名古屋市立新郊中学校,35.107792,136.931434
名古屋市立桜田中学校,35.106868,136.945061
名古屋市立大江中学校,35.102595,136.907883
名古屋市立明豊中学校,35.108939,136.915033
名古屋市立名南中学校,35.072177,136.918109
名古屋市立南光中学校,35.087883,136.925804
名古屋市立守山中学校,35.203443,136.966692
名古屋市立守山東中学校,35.204835,136.98142
名古屋市立守山西中学校,35.207085,136.953126
名古屋市立志段味中学校,35.245151,137.020437
名古屋市立大森中学校,35.202989,136.9954
名古屋市立守山北中学校,35.215456,136.979031
名古屋市立森孝中学校,35.19173,137.013749
名古屋市立吉根中学校,35.232141,137.002251
名古屋市立鳴海中学校,35.078138,136.962571
名古屋市立鳴子台中学校,35.099564,136.969028
名古屋市立大高中学校,35.060589,136.940692
名古屋市立有松中学校,35.064062,136.970031
名古屋市立東陵中学校,35.071523,136.971111
名古屋市立千鳥丘中学校,35.091709,136.955357
名古屋市立神沢中学校,35.096163,136.98461
名古屋市立扇台中学校,35.090306,136.998381
名古屋市立滝ノ水中学校,35.087098,136.976794
名古屋市立左京山中学校,35.06918,136.960806
名古屋市立鎌倉台中学校,35.074607,136.985071
名古屋市立神の倉中学校,35.100174,137.020671
名古屋市立猪高中学校,35.178625,137.004367
名古屋市立神丘中学校,35.157747,136.999096
名古屋市立高針台中学校,35.160824,137.016829
名古屋市立猪子石中学校,35.182223,136.983011
名古屋市立藤森中学校,35.179769,137.018559
名古屋市立牧の池中学校,35.145708,137.017569
名古屋市立上社中学校,35.17172,137.020675
名古屋市立香流中学校,35.195318,136.991465
名古屋市立天白中学校,35.118831,136.981761
名古屋市立御幸山中学校,35.131264,136.972446
名古屋市立久方中学校,35.105028,136.982907
名古屋市立平針中学校,35.113534,137.000233
名古屋市立南天白中学校,35.11296,136.960228
名古屋市立植田中学校,35.136936,136.992844
名古屋市立原中学校,35.120596,136.994544
名古屋市立なごやか中学校,35.170573,136.889075
